vendornumber,vendorname,total_purchase_dollars,total_purchase_quantity,purchase_orders,avg_purchase_price,total_sales_dollars,total_sales_quantity,avg_sales_price,gross_profit,profit_margin_pct,total_freight,adjusted_profit,adjusted_margin_pct
3960,DIAGEO NORTH AMERICA INC,50959796.85,5459788,55,16.11,68742416.99,5422703,17.49,17782620.14,25.87,257032.07,17525588.07,25.49
4425,MARTIGNETTI COMPANIES,27861690.02,2640411,82,11.08,41047306.3,2581318,17.09,13185616.28,32.12,144929.24,13040687.04,31.77
17035,PERNOD RICARD USA,24124091.56,1647558,55,18.61,32281247.95,1613460,21.24,8157156.39,25.27,123780.22,8033376.17,24.89
12546,JIM BEAM BRANDS COMPANY,24203151.05,2737165,55,12.88,31906320.54,2630226,14.7,7703169.49,24.14,123880.97,7579288.52,23.75
480,BACARDI USA INC,17624378.72,1427075,55,14.26,25014556.89,1457301,16.5,7390178.17,29.54,89286.27,7300891.9,29.19
1392,CONSTELLATION BRANDS INC,15573917.9,2325892,55,7.1,24469172.93,2301688,11.18,8895255.03,36.35,79528.99,8815726.04,36.03
3252,E & J GALLO WINERY,12289608.09,1858260,55,7.26,18556085.61,1809023,11.06,6266477.52,33.77,61966.91,6204510.61,33.44
1128,BROWN-FORMAN CORP,13529433.08,1006122,55,18.3,18478557.47,983853,20.3,4949124.39,26.78,68601.68,4880522.71,26.41
9165,ULTRA BEVERAGE COMPANY LLP,13210613.93,1077527,55,15.81,17822938.45,1043235,19.18,4612324.52,25.88,68054.7,4544269.82,25.5
9552,M S WALKER INC,10935817.3,1372841,55,8.68,15465247.75,1343481,12.57,4529430.45,29.29,55551.82,4473878.63,28.93
8112,MOET HENNESSY USA INC,9472995.2,427867,55,29.69,13546931.06,424251,33.71,4073935.86,30.07,48347.26,4025588.6,29.72
8004,SAZERAC CO INC,9916770.26,1417727,55,10.05,13250928.19,1385046,12.53,3334157.93,25.16,50293.62,3283864.31,24.78
7245,PROXIMO SPIRITS INC.,7588029.9,682042,55,13.61,10516246.86,667654,17.08,2928216.96,27.84,38994.78,2889222.18,27.47
9815,WINE GROUP INC,5258636.79,888385,55,7.19,8341165.72,869054,10.56,3082528.93,36.96,27100.41,3055428.52,36.63
10754,PERFECTA WINES,5665501.53,553116,55,12.38,7825504.16,512750,16.7,2160002.63,27.6,28720.52,2131282.11,27.24
3664,WILLIAM GRANT & SONS INC,5960744.35,302685,55,25.69,7635828.27,283313,31.4,1675083.92,21.94,30234.42,1644849.5,21.54
2000,SOUTHERN WINE & SPIRITS NE,3699813.46,402677,55,10.15,5769934.33,400984,15.04,2070120.87,35.88,19016.59,2051104.28,35.55
2000,SOUTHERN GLAZERS W&S OF NE,40803.92,4198,12,15.43,5769934.33,400984,15.04,5729130.41,99.29,19016.59,5710113.82,98.96
11567,CAMPARI AMERICA,4141720.71,501284,55,15.61,5610527.44,490456,17.48,1468806.73,26.18,20964.81,1447841.92,25.81
10000,MAJESTIC FINE WINES,3506668.63,446119,55,8.23,5375429.09,433515,13.73,1868760.46,34.76,17587.59,1851172.87,34.44
660,SAZERAC NORTH AMERICA INC.,3537977.55,503931,55,7.69,4965061.47,493413,10.62,1427083.92,28.74,17932.33,1409151.59,28.38
8673,STE MICHELLE WINE ESTATES,3086650.7,419822,55,7.77,4903385.9,418674,12.52,1816735.2,37.05,15919.7,1800815.5,36.73
9819,TREASURY WINE ESTATES,2978686.4,497770,55,6.1,4740218.38,495308,10.33,1761531.98,37.16,14836.57,1746695.41,36.85
8664,"STOLI GROUP,(USA) LLC",3666478.72,314035,55,16.86,4663847.6,272010,17.58,997368.88,21.39,18544.49,978824.39,20.99
7153,PINE STATE TRADING CO,3129071.59,424427,55,9.45,4647517.08,416859,12.51,1518445.49,32.67,15884.82,1502560.67,32.33
7239,REMY COINTREAU USA INC,3354958.28,142363,55,30.57,4294875.05,135195,32.13,939916.77,21.88,16978.67,922938.1,21.49
6785,PALM BAY INTERNATIONAL INC,2693984.33,375697,55,7.78,4025063.52,373092,11.92,1331079.19,33.07,13605.41,1317473.78,32.73
3924,HEAVEN HILL DISTILLERIES,2816661.94,352348,55,10.46,3818178.29,342611,13.08,1001516.35,26.23,14069.87,987446.48,25.86
8892,TRINCHERO FAMILY ESTATES,2252211.31,352526,55,6.23,3467869.81,346725,10.31,1215658.5,35.05,11595.97,1204062.53,34.72
4692,KOBRAND CORPORATION,1808146.33,161002,55,12.36,2840547.87,161920,18.88,1032401.54,36.35,9139.38,1023262.16,36.02
8352,LUXCO INC,2051436.01,283260,55,9.74,2826287.77,286953,11.19,774851.76,27.42,10261.6,764590.16,27.05
516,BANFI PRODUCTS CORP,1628866.68,228103,55,7.39,2646325.62,221040,12.23,1017458.94,38.45,8510.41,1008948.53,38.13
2561,EDRINGTON AMERICAS,1882832.84,62542,54,33.6,2632023.96,60304,45.52,749191.12,28.46,9654.5,739536.62,28.1
6213,MHW LTD,1888333.01,215201,55,16.54,2586254.5,212350,17.26,697921.49,26.99,9621.58,688299.91,26.61
2242,DELICATO VINEYARDS INC,1561444.63,192642,55,9.73,2357727.88,190364,13.19,796283.25,33.77,7982.65,788300.6,33.43
1485,CASTLE BRANDS CORP.,1679383.91,105220,55,15.76,2307511.25,103675,22.42,628127.34,27.22,8497.59,619629.75,26.85
653,STATE WINE & SPIRITS,1529682.04,154092,55,11.01,2299075.4,157700,15.53,769393.36,33.47,8014.98,761378.38,33.12
3089,SIDNEY FRANK IMPORTING CO,1715908.88,186464,55,14.53,2256371.25,188625,13.04,540462.37,23.95,8549.55,531912.82,23.57
1590,DIAGEO CHATEAU ESTATE WINES,1365472.83,187841,55,7.35,2185030.89,190779,11.89,819558.06,37.51,7259.75,812298.31,37.18
1587,VINEYARD BRANDS INC,1196162.81,171919,55,7.51,1849561.49,166348,12.09,653398.68,35.33,6070.09,647328.59,35.0
1587,VINEYARD BRANDS LLC,10951.51,371,3,31.29,1849561.49,166348,12.09,1838609.98,99.41,6070.09,1832539.89,99.08
2555,DISARONNO INTERNATIONAL LLC,1141947.85,103095,55,16.21,1725427.16,103394,17.7,583479.31,33.82,5861.03,577618.28,33.48
9744,FREDERICK WILDMAN & SONS,759449.24,70932,55,11.46,1143044.57,69327,17.26,383595.33,33.56,3999.93,379595.4,33.21
8320,SHAW ROSS INT L IMP LTD,624979.64,69127,55,10.41,856945.64,68146,12.98,231966.0,27.07,3151.92,228814.08,26.7
90024,VINILANDIA USA,548855.37,59428,55,9.37,826960.05,57335,14.87,278104.68,33.63,2802.64,275302.04,33.29
9206,PHILLIPS PRODUCTS CO.,430945.89,40054,55,12.5,600363.7,43680,15.58,169417.81,28.22,2211.83,167205.98,27.85
6359,OLE SMOKY DISTILLERY LLC,387622.69,110162,54,9.15,498686.6,106890,11.08,111063.91,22.27,1922.0,109141.91,21.89
4950,LATITUDE BEVERAGE COMPANY,316446.76,53090,55,5.97,471551.11,49789,9.69,155104.35,32.89,1610.0,153494.35,32.55
4380,CHARLES JACQUIN ET CIE INC,329637.62,43947,55,8.51,450266.16,43474,11.32,120628.54,26.79,1675.39,118953.15,26.42
9625,WESTERN SPIRITS BEVERAGE CO,361249.21,56860,55,12.82,443217.71,49379,13.57,81968.5,18.49,1933.19,80035.31,18.06
90047,CRUSH WINES,287189.9,26349,55,12.4,420237.07,25333,17.12,133047.17,31.66,1457.73,131589.44,31.31
17031,FLAG HILL WINERY & VINEYARD,300403.2,20608,55,15.43,411807.12,20788,20.22,111403.92,27.05,1573.31,109830.61,26.67
1655,FABRIZIA SPIRITS LLC,358390.62,28071,54,12.44,396503.92,25508,15.46,38113.3,9.61,1824.89,36288.41,9.15
5992,MCCORMICK DISTILLING CO,310552.87,29788,54,10.87,385759.72,28998,14.4,75206.85,19.5,1567.85,73639.0,19.09
1601,VRANKEN AMERICA,208330.15,13094,54,17.1,341658.31,13469,25.82,133328.16,39.02,1048.97,132279.19,38.72
1273,CALEDONIA SPIRITS INC,259604.7,8202,54,31.12,278648.38,7162,39.38,19043.68,6.83,1319.77,17723.91,6.36
5270,MANGO BOTTLING INC,204510.38,28414,38,7.2,244549.25,26875,9.1,40038.87,16.37,1034.42,39004.45,15.95
5455,MARSALLE COMPANY,185311.19,7158,55,27.51,215253.6,6640,33.03,29942.41,13.91,937.21,29005.2,13.47
8150,SEA HAGG DISTILLERY LLC,188044.46,15412,54,12.85,213422.4,13160,17.04,25377.94,11.89,935.52,24442.42,11.45
4848,LAIRD & CO,203011.58,21422,55,11.53,213108.09,20141,13.43,10096.51,4.74,1043.69,9052.82,4.25
98450,Serralles Usa LLC,168993.61,10463,54,14.83,204150.93,10607,19.79,35157.32,17.22,856.02,34301.3,16.8
90032,LABELLE VYDS AND WINERY,146839.55,12855,54,11.39,203067.7,12430,16.41,56228.15,27.69,778.25,55449.9,27.31
2496,DUGGANS DISTILLED PRODUCTS,184296.5,18814,55,14.76,202338.62,15738,15.46,18042.12,8.92,939.27,17102.85,8.45
4466,AMERICAN VINTAGE BEVERAGE,156357.28,15778,55,9.9,190134.63,14637,12.99,33777.35,17.76,793.91,32983.44,17.35
90056,SWEET BABY VINEYARD,140577.9,16805,54,8.36,184253.27,14773,12.46,43675.37,23.7,703.64,42971.73,23.32
7255,PSP WINES,128895.69,16493,54,7.57,171646.56,14594,11.82,42750.87,24.91,648.71,42102.16,24.53
17033,SEA BREEZE CELLARS LLC,108948.09,8473,53,14.94,149564.94,7106,21.92,40616.85,27.16,549.55,40067.3,26.79
4550,KLIN SPIRITS LLC,103484.29,6840,54,16.1,147675.94,6606,22.63,44191.65,29.92,531.5,43660.15,29.56
90010,VINEXTRA INC,102639.51,8530,55,11.68,141335.79,8021,17.4,38696.28,27.38,524.94,38171.34,27.01
10050,Russian Standard Vodka,138907.27,12798,51,13.45,139327.43,15207,13.42,420.16,0.3,732.6,-312.44,-0.22
90058,ZORVINO VINEYARDS,86122.71,10550,55,8.18,124189.59,10141,12.13,38066.88,30.65,448.68,37618.2,30.29
1189,BULLY BOY DISTILLERS,117928.22,5382,53,22.0,119484.53,4447,26.95,1556.31,1.3,609.39,946.92,0.79
1703,ALISA CARR BEVERAGES,34951.68,438,19,98.81,118167.38,1062,105.8,83215.7,70.42,172.0,83043.7,70.28
6355,NICHE W & S,111031.77,9277,55,16.57,114938.96,10404,13.64,3907.19,3.4,551.21,3355.98,2.92
7154,PREMIER DISTRIBUTORS,84530.87,5916,54,14.91,109091.34,5566,20.2,24560.47,22.51,432.37,24128.1,22.12
6215,MOONLIGHT MEADERY,71357.59,7967,54,8.96,95208.77,7123,13.36,23851.18,25.05,365.61,23485.57,24.67
7240,"PREMIUM PORT WINES, INC.",59760.74,8167,53,7.36,86057.76,8024,10.84,26297.02,30.56,301.2,25995.82,30.21
17032,JEWELL TOWNE VINEYARDS,54332.37,6630,54,8.19,85230.82,6318,13.57,30898.45,36.25,283.61,30614.84,35.92
17037,Dunn Wine Brokers,72055.3,5448,50,14.01,83061.33,4117,20.29,11006.03,13.25,358.03,10648.0,12.82
8735,SURVILLE ENTERPRISES CORP,51325.77,6504,54,8.79,80444.85,6515,13.19,29119.08,36.2,263.32,28855.76,35.87
6830,PARK STREET IMPORTS LLC,69459.42,4349,32,15.25,77594.47,3503,22.26,8135.05,10.48,360.29,7774.76,10.02
28750,SMOKY QUARTZ DISTILLERY LLC,69803.71,3197,48,21.82,76449.11,2739,27.9,6645.4,8.69,342.65,6302.75,8.24
90027,POVERTY LANE ORCHARDS,45269.01,5872,47,7.71,73642.09,6341,11.65,28373.08,38.53,229.88,28143.2,38.22
90011,FORTUNE WINE BROKERS LLC,46940.17,5072,53,10.36,72952.93,4707,16.48,26012.76,35.66,238.61,25774.15,35.33
60,ADAMBA IMPORTS INTL INC,76770.25,4732,35,16.23,67576.22,3978,16.99,-9194.03,-13.61,367.52,-9561.55,-14.15
8920,TAKARA SAKE USA INC,45289.34,9066,55,7.19,64082.97,8973,7.07,18793.63,29.33,232.99,18560.64,28.96
388,ATLANTIC IMPORTING COMPANY,41116.32,1847,53,22.49,59272.75,1825,31.96,18156.43,30.63,211.74,17944.69,30.27
9622,WEIN BAUER INC,43517.0,3014,53,16.94,56930.23,2867,22.32,13413.23,23.56,222.23,13191.0,23.17
2450,DJINN SPIRITS LLC,48830.78,2637,51,19.34,56731.23,2177,26.44,7900.45,13.93,251.28,7649.17,13.48
7749,R.P.IMPORTS INC,18776.87,498,16,42.2,54266.62,1038,51.32,35489.75,65.4,91.5,35398.25,65.23
90046,CANDIA VINEYARDS,36588.01,2609,50,13.88,52623.33,2567,20.21,16035.32,30.47,194.13,15841.19,30.1
28776,TALL SHIP DISTILLERY LLC,48445.58,2236,51,21.43,49533.14,1786,27.71,1087.56,2.2,259.9,827.66,1.67
1650,Circa Wines,42554.34,3320,43,13.11,44618.75,2455,22.6,2064.41,4.63,211.97,1852.44,4.15
9260,TY KU LLC,38921.47,3003,50,13.11,44141.6,2490,18.05,5220.13,11.83,198.94,5021.19,11.38
173357,TAMWORTH DISTILLING,41036.44,1990,45,20.88,40021.12,1488,26.69,-1015.32,-2.54,202.5,-1217.82,-3.04
90053,INCREDIBREW INC,24525.84,2786,52,8.81,35508.52,2698,13.18,10982.68,30.93,124.44,10858.24,30.58
12331,STELLAR IMPORTING CO LLC,24560.08,3104,51,7.68,35480.63,2987,11.62,10920.55,30.78,119.23,10801.32,30.44
172662,SWEETWATER FARM,34708.03,1629,29,21.1,35049.63,1237,28.33,341.6,0.97,178.34,163.26,0.47
3950,"HOOD RIVER DISTILLERS, Inc.",24035.96,1137,36,20.68,29403.29,1271,25.17,5367.33,18.25,117.52,5249.81,17.85
99166,STARK BREWING COMPANY,25961.04,1212,12,21.42,25371.54,846,29.99,-589.5,-2.32,130.09,-719.59,-2.84
90017,THE IMPORTED GRAPE LLC,16093.77,2280,47,7.23,22179.74,1736,12.89,6085.97,27.44,80.03,6005.94,27.08
90037,THE PIERPONT GROUP LLC,5713.19,580,25,11.36,17937.21,1079,17.38,12224.02,68.15,27.98,12196.04,67.99
105,ALTAMAR BRANDS LLC,11706.2,332,40,35.27,15748.75,325,48.87,4042.55,25.67,62.39,3980.16,25.27
90051,FULCHINO VINEYARD INC,11147.77,949,34,11.78,14441.64,836,17.12,3293.87,22.81,54.91,3238.96,22.43
2396,BLACK PRINCE DISTILLERY INC,5971.94,807,35,7.45,11818.85,1115,12.7,5846.91,49.47,30.98,5815.93,49.21
90057,WALPOLE MTN VIEW WINERY,9292.31,805,32,11.53,11483.88,662,17.33,2191.57,19.08,46.74,2144.83,18.68
9751,VINEDREA WINES LLC,4657.6,205,20,22.72,11385.6,440,26.1,6728.0,59.09,24.53,6703.47,58.88
8663,STAR INDUSTRIES INC.,2452.29,151,13,15.91,7914.72,428,18.5,5462.43,69.02,12.44,5449.99,68.86
2876,CENTEUR IMPORTS LLC,6237.08,771,38,8.36,7474.81,619,12.7,1237.73,16.56,31.5,1206.23,16.14
90052,HAUNTING WHISPER VYDS,5388.58,669,30,8.07,7325.89,611,11.99,1937.31,26.44,27.61,1909.7,26.07
90059,BLACK COVE BEVERAGES,14465.06,919,8,15.74,6256.87,313,19.99,-8208.19,-131.19,74.84,-8283.03,-132.38
3551,GILMANTON WINERY & VINEYARD,5393.04,516,8,10.45,3837.6,240,15.99,-1555.44,-40.53,26.63,-1582.07,-41.23
5612,MILTONS DISTRIBUTING CO,1824.18,267,10,6.81,2661.69,261,9.56,837.51,31.47,9.46,828.05,31.11
1003,BRONCO WINE COMPANY,2071.9,433,26,5.23,2400.66,334,6.85,328.76,13.69,10.53,318.23,13.26
1265,BLACK ROCK SPIRITS LLC,1152.1,82,18,14.05,2049.18,82,24.99,897.08,43.78,5.79,891.29,43.49
200,AMERICAN SPIRITS EXCHANGE,1205.16,132,6,9.18,1719.97,103,14.49,514.81,29.93,6.19,508.62,29.57
287,APPOLO VINEYARDS LLC,2399.7,230,13,10.44,1616.92,108,15.03,-782.78,-48.41,12.28,-795.06,-49.17
3951,HIGHLAND WINE MERCHANTS LLC,5500.32,372,7,15.23,1533.68,82,24.32,-3966.64,-258.64,29.43,-3996.07,-260.55
201359,FLAVOR ESSENCE INC,17.0,1,1,17.0,1474.41,59,24.99,1457.41,98.85,0.09,1457.32,98.84
2,"IRA GOLDMAN AND WILLIAMS, LLP",5630.88,328,4,18.58,1265.58,42,28.68,-4365.3,-344.92,27.08,-4392.38,-347.06
6280,UNCORKED,2966.31,243,7,12.39,1124.38,62,18.92,-1841.93,-163.82,15.26,-1857.19,-165.17
5083,LOYAL DOG WINERY,2320.8,240,3,9.67,1111.26,74,15.02,-1209.54,-108.84,10.68,-1220.22,-109.81
90026,SILVER MOUNTAIN CIDERS,77.18,17,2,4.54,381.48,52,7.52,304.3,79.77,0.36,303.94,79.67
90033,FANTASY FINE WINES CORP,128.64,24,2,5.36,327.59,41,7.99,198.95,60.73,0.61,198.34,60.55
1439,CAPSTONE INTERNATIONAL,54.64,4,1,13.66,246.87,13,18.99,192.23,77.87,0.27,191.96,77.76
9099,TRUETT HURST,236.64,24,1,9.86,14.99,1,14.99,-221.65,-1478.65,1.25,-222.9,-1486.99
